method,neighborhood_preservation,trustworthiness,stress,distance_correlation,silhouette
ACOM,0.18800000000000008,0.6254792899408284,5.115907687382306,0.16693099892439767,-0.0694292121785789
PCA,0.32900000000000007,0.7582603550295858,0.6120994747215701,0.4111351904027714,0.24299098551273346
t-SNE,0.523,0.8927810650887574,13.241620563085123,0.5446523311993204,0.4063670337200165
