iteration,cost
0,382.6387091683349
1,364.08814793586373
2,362.2549602055198
3,361.7537609549524
4,356.14198919983977
5,356.14198919983977
6,354.9625662797149
7,354.9625662797149
8,354.9625662797149
9,354.9625662797149
