method,neighborhood_preservation,trustworthiness,stress,distance_correlation,silhouette
ACOM,0.137,0.5737041420118343,5.120493035665288,0.07998741862332785,-0.08767125383592889
PCA,0.32900000000000007,0.7582603550295858,0.6120994747215701,0.4111351904027714,0.24299098551273346
t-SNE,0.523,0.8927810650887574,13.241620563085123,0.5446523311993204,0.4063670337200165
