method,neighborhood_preservation,trustworthiness,stress,distance_correlation,silhouette
ACOM (Tuned),0.36699999999999994,0.7867100591715976,5.107320737398455,0.3295401232357519,0.09655853145415028
PCA,0.32900000000000007,0.7582603550295858,0.6120994747215701,0.4111351904027714,0.24299098551273346
t-SNE,0.523,0.8927810650887574,13.241620563085123,0.5446523311993204,0.4063670337200165
UMAP,0.505,0.8966863905325444,2.849822885464222,0.5227330920430775,0.5344623327255249
