iteration,cost
0,300.830533511796
1,283.3979964046603
2,283.3979964046603
3,281.8603800560256
4,281.4374273871021
5,276.52736962660066
6,276.52736962660066
7,275.76726762015574
8,275.76726762015574
9,275.76726762015574
10,275.76726762015574
