method,neighborhood_preservation,trustworthiness,stress,distance_correlation,silhouette
ACOM,0.134,0.5672781065088757,5.120421993737523,0.08133505092963783,-0.09207456935850294
PCA,0.32900000000000007,0.7582603550295858,0.6120994747215701,0.4111351904027714,0.24299098551273346
t-SNE,0.523,0.8927810650887574,13.241620563085123,0.5446523311993204,0.4063670337200165
