iteration,cost
0,300.830533511796
1,270.95230950514076
2,270.5298985705522
3,258.5950813013944
4,258.57139337875054
5,255.32736569838193
6,249.86552943194445
7,249.63909032909928
8,248.49813827229383
9,248.49813827229383
